pid, process_name, used_gpu_memory [MiB]
928662, /home/bizon/projects/foldcraft-gpu-20260927/runtime-clean-01/bin/python, 700 MiB
928662, /home/bizon/projects/foldcraft-gpu-20260927/runtime-clean-01/bin/python, 1084 MiB
928662, /home/bizon/projects/foldcraft-gpu-20260927/runtime-clean-01/bin/python, 1596 MiB
928662, /home/bizon/projects/foldcraft-gpu-20260927/runtime-clean-01/bin/python, 1596 MiB
928662, /home/bizon/projects/foldcraft-gpu-20260927/runtime-clean-01/bin/python, 1596 MiB
928662, /home/bizon/projects/foldcraft-gpu-20260927/runtime-clean-01/bin/python, 1596 MiB
928662, /home/bizon/projects/foldcraft-gpu-20260927/runtime-clean-01/bin/python, 1678 MiB
928662, /home/bizon/projects/foldcraft-gpu-20260927/runtime-clean-01/bin/python, 2702 MiB
928662, /home/bizon/projects/foldcraft-gpu-20260927/runtime-clean-01/bin/python, 2702 MiB
928662, /home/bizon/projects/foldcraft-gpu-20260927/runtime-clean-01/bin/python, 2702 MiB
928662, /home/bizon/projects/foldcraft-gpu-20260927/runtime-clean-01/bin/python, 2702 MiB
