timestamp, memory.used [MiB], utilization.gpu [%]
2026/09/27 02:19:21.628, 478 MiB, 0 %
2026/09/27 02:19:23.630, 1570 MiB, 0 %
2026/09/27 02:19:25.630, 2082 MiB, 0 %
2026/09/27 02:19:27.630, 2082 MiB, 0 %
2026/09/27 02:19:29.631, 3188 MiB, 3 %
2026/09/27 02:19:31.631, 3188 MiB, 0 %
2026/09/27 02:19:33.631, 3188 MiB, 0 %
2026/09/27 02:19:35.632, 3188 MiB, 0 %
2026/09/27 02:19:37.632, 3188 MiB, 0 %
2026/09/27 02:19:39.632, 3188 MiB, 0 %
2026/09/27 02:19:41.633, 3188 MiB, 0 %
2026/09/27 02:19:43.633, 3188 MiB, 0 %
2026/09/27 02:19:45.634, 3188 MiB, 0 %
2026/09/27 02:19:47.634, 3188 MiB, 0 %
2026/09/27 02:19:49.634, 3188 MiB, 0 %
2026/09/27 02:19:51.635, 3188 MiB, 0 %
2026/09/27 02:19:53.635, 3188 MiB, 2 %
2026/09/27 02:19:55.635, 3188 MiB, 0 %
2026/09/27 02:19:57.636, 3188 MiB, 2 %
2026/09/27 02:19:59.636, 3188 MiB, 0 %
2026/09/27 02:20:01.636, 3188 MiB, 0 %
2026/09/27 02:20:03.637, 3188 MiB, 1 %
2026/09/27 02:20:05.637, 3188 MiB, 0 %
2026/09/27 02:20:07.637, 3188 MiB, 1 %
2026/09/27 02:20:09.637, 3188 MiB, 0 %
2026/09/27 02:20:11.638, 3188 MiB, 1 %
2026/09/27 02:20:13.638, 3188 MiB, 2 %
2026/09/27 02:20:15.639, 3188 MiB, 0 %
2026/09/27 02:20:17.639, 3188 MiB, 1 %
2026/09/27 02:20:19.639, 3188 MiB, 2 %
2026/09/27 02:20:21.640, 3188 MiB, 0 %
2026/09/27 02:20:23.640, 3188 MiB, 0 %
2026/09/27 02:20:25.640, 3188 MiB, 2 %
2026/09/27 02:20:27.641, 3188 MiB, 0 %
2026/09/27 02:20:29.641, 3188 MiB, 0 %
2026/09/27 02:20:31.641, 3188 MiB, 1 %
2026/09/27 02:20:33.642, 3188 MiB, 1 %
2026/09/27 02:20:35.642, 3188 MiB, 0 %
2026/09/27 02:20:37.642, 3188 MiB, 2 %
2026/09/27 02:20:39.643, 7296 MiB, 100 %
2026/09/27 02:20:41.643, 7296 MiB, 37 %
2026/09/27 02:20:43.644, 7296 MiB, 100 %
2026/09/27 02:20:45.644, 7296 MiB, 100 %
2026/09/27 02:20:47.644, 7296 MiB, 100 %
2026/09/27 02:20:49.645, 7296 MiB, 100 %
2026/09/27 02:20:51.645, 7296 MiB, 44 %
2026/09/27 02:20:53.646, 7296 MiB, 100 %
2026/09/27 02:20:55.646, 7296 MiB, 100 %
2026/09/27 02:20:57.646, 7296 MiB, 100 %
2026/09/27 02:20:59.647, 7296 MiB, 99 %
2026/09/27 02:21:01.647, 7296 MiB, 74 %
2026/09/27 02:21:03.647, 7296 MiB, 98 %
2026/09/27 02:21:05.648, 7296 MiB, 100 %
2026/09/27 02:21:07.648, 7296 MiB, 100 %
2026/09/27 02:21:09.649, 7296 MiB, 99 %
2026/09/27 02:21:11.649, 7296 MiB, 80 %
2026/09/27 02:21:13.649, 7296 MiB, 99 %
2026/09/27 02:21:15.650, 7296 MiB, 100 %
2026/09/27 02:21:17.650, 7296 MiB, 100 %
2026/09/27 02:21:19.650, 7296 MiB, 99 %
2026/09/27 02:21:21.651, 7296 MiB, 54 %
2026/09/27 02:21:23.651, 7296 MiB, 100 %
2026/09/27 02:21:25.652, 7296 MiB, 100 %
2026/09/27 02:21:27.652, 7296 MiB, 100 %
2026/09/27 02:21:29.652, 7296 MiB, 100 %
2026/09/27 02:21:31.652, 7296 MiB, 34 %
2026/09/27 02:21:33.653, 7296 MiB, 100 %
2026/09/27 02:21:35.653, 7296 MiB, 100 %
2026/09/27 02:21:37.654, 7296 MiB, 99 %
2026/09/27 02:21:39.654, 7296 MiB, 99 %
2026/09/27 02:21:41.654, 7296 MiB, 88 %
2026/09/27 02:21:43.654, 7296 MiB, 100 %
2026/09/27 02:21:45.655, 7296 MiB, 100 %
2026/09/27 02:21:47.655, 7296 MiB, 100 %
2026/09/27 02:21:49.655, 7296 MiB, 35 %
2026/09/27 02:21:51.656, 7296 MiB, 100 %
2026/09/27 02:21:53.656, 7296 MiB, 100 %
2026/09/27 02:21:55.656, 7296 MiB, 99 %
2026/09/27 02:21:57.657, 7296 MiB, 60 %
2026/09/27 02:21:59.657, 7296 MiB, 100 %
2026/09/27 02:22:01.658, 7296 MiB, 100 %
2026/09/27 02:22:03.658, 7296 MiB, 100 %
2026/09/27 02:22:05.658, 7296 MiB, 100 %
2026/09/27 02:22:07.659, 7296 MiB, 44 %
2026/09/27 02:22:09.659, 7296 MiB, 100 %
2026/09/27 02:22:11.659, 7296 MiB, 100 %
2026/09/27 02:22:13.660, 7296 MiB, 99 %
2026/09/27 02:22:15.660, 7296 MiB, 62 %
2026/09/27 02:22:17.661, 7296 MiB, 100 %
2026/09/27 02:22:19.661, 7296 MiB, 100 %
2026/09/27 02:22:21.661, 7296 MiB, 100 %
2026/09/27 02:22:23.662, 7296 MiB, 100 %
2026/09/27 02:22:25.662, 7296 MiB, 32 %
2026/09/27 02:22:27.663, 7296 MiB, 100 %
2026/09/27 02:22:29.663, 7296 MiB, 100 %
2026/09/27 02:22:31.663, 7296 MiB, 99 %
2026/09/27 02:22:33.664, 7296 MiB, 54 %
2026/09/27 02:22:35.664, 7296 MiB, 100 %
2026/09/27 02:22:37.664, 7296 MiB, 100 %
2026/09/27 02:22:39.665, 7296 MiB, 99 %
2026/09/27 02:22:41.665, 7296 MiB, 98 %
2026/09/27 02:22:43.665, 7296 MiB, 100 %
2026/09/27 02:22:45.666, 7296 MiB, 100 %
2026/09/27 02:22:47.666, 7296 MiB, 100 %
2026/09/27 02:22:49.667, 7296 MiB, 100 %
2026/09/27 02:22:51.667, 7296 MiB, 77 %
2026/09/27 02:22:53.667, 7296 MiB, 100 %
2026/09/27 02:22:55.668, 7296 MiB, 100 %
2026/09/27 02:22:57.668, 7296 MiB, 99 %
2026/09/27 02:22:59.668, 7296 MiB, 90 %
2026/09/27 02:23:01.669, 7296 MiB, 100 %
2026/09/27 02:23:03.669, 7296 MiB, 100 %
2026/09/27 02:23:05.670, 7296 MiB, 100 %
2026/09/27 02:23:07.670, 7296 MiB, 74 %
2026/09/27 02:23:09.670, 7296 MiB, 100 %
2026/09/27 02:23:11.671, 7296 MiB, 100 %
2026/09/27 02:23:13.671, 7296 MiB, 100 %
2026/09/27 02:23:15.671, 7296 MiB, 100 %
2026/09/27 02:23:17.672, 7296 MiB, 72 %
2026/09/27 02:23:19.672, 7296 MiB, 100 %
2026/09/27 02:23:21.673, 7296 MiB, 100 %
2026/09/27 02:23:23.673, 7296 MiB, 99 %
2026/09/27 02:23:25.673, 7296 MiB, 4 %
2026/09/27 02:23:27.674, 7296 MiB, 100 %
2026/09/27 02:23:29.674, 7296 MiB, 99 %
2026/09/27 02:23:31.675, 7296 MiB, 2 %
2026/09/27 02:23:33.675, 7296 MiB, 0 %
2026/09/27 02:23:35.675, 7296 MiB, 0 %
2026/09/27 02:23:37.676, 7296 MiB, 0 %
2026/09/27 02:23:39.676, 7302 MiB, 0 %
2026/09/27 02:23:41.677, 7302 MiB, 0 %
2026/09/27 02:23:43.677, 7302 MiB, 0 %
2026/09/27 02:23:45.677, 7302 MiB, 0 %
2026/09/27 02:23:47.677, 7302 MiB, 0 %
2026/09/27 02:23:49.678, 7302 MiB, 0 %
2026/09/27 02:23:51.678, 7302 MiB, 0 %
2026/09/27 02:23:53.678, 7302 MiB, 0 %
2026/09/27 02:23:55.679, 7302 MiB, 0 %
2026/09/27 02:23:57.679, 7302 MiB, 0 %
2026/09/27 02:23:59.680, 7302 MiB, 0 %
2026/09/27 02:24:01.680, 7302 MiB, 0 %
2026/09/27 02:24:03.680, 7302 MiB, 94 %
2026/09/27 02:24:05.681, 7302 MiB, 94 %
