case,seed,arm,single_model_pass,two_model_pass,rmsd,ipsae,epitope_coverage,interchain_clashes,esmfold_plddt,esmfold_rmsd,boltz2_iptm,openmm_dE
egfr_top7,20260927,baseline,0.0,0.0,2.535,0.02247821282637915,0.0454545454545454,2.0,90.2,1.82,0.44408565759658813,-32.61
egfr_top7,20260927,mpnn_temp_02,0.0,0.0,2.09,0.01898257462333165,0.0227272727272727,3.5,88.95,1.5299999999999998,0.5546999871730804,-27.97
egfr_top7,20260927,normalized_pairs,0.0,0.0,27.95,0.13298878421202975,0.2727272727272727,6.5,58.8,15.775,0.8374079465866089,27.48
egfr_top7,20260928,baseline,1.0,1.0,1.22,0.6395011835090396,0.0909090909090909,2.0,90.7,0.38,0.8464987874031067,-65.53999999999999
egfr_top7,20260928,mpnn_temp_02,1.0,1.0,1.255,0.6354702757042732,0.11363636363636359,1.5,91.0,0.37,0.8818490207195282,-65.2
egfr_top7,20260928,normalized_pairs,0.0,0.0,29.71,0.0281343316655395,0.2727272727272727,3.5,48.2,18.78,0.7735081017017365,-24.685
pdl1_top7,20260927,baseline,0.0,0.0,1.68,0.04074629989753555,0.02777777777777775,3.0,86.3,0.9650000000000001,0.35932925343513483,-28.659999999999997
pdl1_top7,20260927,mpnn_temp_02,0.0,0.0,1.72,0.0564508544336447,0.0555555555555555,6.5,86.1,0.9550000000000001,0.562621995806694,-26.435000000000002
pdl1_top7,20260927,normalized_pairs,0.0,0.0,25.155,0.38245876588880634,0.25,0.0,85.05000000000001,3.455,0.8182656466960907,-72.16
pdl1_top7,20260928,baseline,0.0,0.0,11.54,0.040237521720723854,0.11111111111111105,2.5,46.25,10.21,0.4421674758195877,-43.335
pdl1_top7,20260928,mpnn_temp_02,0.0,0.0,9.97,0.0355444303860575,0.13888888888888884,2.0,44.45,6.49,0.4325573444366455,-37.870000000000005
pdl1_top7,20260928,normalized_pairs,0.0,0.0,26.365000000000002,0.3302878547817535,0.13888888888888884,0.0,52.7,9.69,0.7437751293182373,-48.675
