timestamp, index, memory.used [MiB], utilization.gpu [%], power.draw [W]
2026/09/27 00:55:24.780, 0, 478 MiB, 0 %, 33.85 W
2026/09/27 00:55:26.785, 0, 1314 MiB, 2 %, 44.98 W
2026/09/27 00:55:28.786, 0, 2082 MiB, 3 %, 93.57 W
2026/09/27 00:55:30.786, 0, 2082 MiB, 0 %, 91.12 W
2026/09/27 00:55:32.786, 0, 2164 MiB, 0 %, 91.06 W
2026/09/27 00:55:34.787, 0, 3188 MiB, 0 %, 109.34 W
2026/09/27 00:55:36.787, 0, 3188 MiB, 0 %, 90.51 W
2026/09/27 00:55:38.787, 0, 3188 MiB, 0 %, 90.37 W
2026/09/27 00:55:40.788, 0, 3188 MiB, 0 %, 90.37 W
2026/09/27 00:55:42.788, 0, 3188 MiB, 0 %, 90.18 W
2026/09/27 00:55:44.789, 0, 5242 MiB, 99 %, 352.05 W
2026/09/27 00:55:46.789, 0, 5242 MiB, 97 %, 515.84 W
2026/09/27 00:55:48.789, 0, 5242 MiB, 98 %, 514.97 W
2026/09/27 00:55:50.790, 0, 5242 MiB, 99 %, 528.45 W
2026/09/27 00:55:52.790, 0, 5242 MiB, 99 %, 530.40 W
2026/09/27 00:55:54.791, 0, 5242 MiB, 99 %, 530.33 W
2026/09/27 00:55:56.791, 0, 5242 MiB, 99 %, 525.70 W
2026/09/27 00:55:58.791, 0, 5242 MiB, 99 %, 519.75 W
2026/09/27 00:56:00.792, 0, 5242 MiB, 99 %, 521.33 W
2026/09/27 00:56:02.792, 0, 5242 MiB, 99 %, 524.71 W
2026/09/27 00:56:04.793, 0, 5242 MiB, 99 %, 522.98 W
2026/09/27 00:56:06.793, 0, 5242 MiB, 99 %, 523.12 W
2026/09/27 00:56:08.793, 0, 5242 MiB, 99 %, 523.93 W
2026/09/27 00:56:10.794, 0, 5242 MiB, 99 %, 524.95 W
2026/09/27 00:56:12.794, 0, 5242 MiB, 99 %, 525.67 W
2026/09/27 00:56:14.795, 0, 5242 MiB, 99 %, 526.76 W
2026/09/27 00:56:16.795, 0, 5242 MiB, 99 %, 527.34 W
2026/09/27 00:56:18.796, 0, 5242 MiB, 99 %, 534.82 W
2026/09/27 00:56:20.796, 0, 5242 MiB, 99 %, 535.44 W
2026/09/27 00:56:22.796, 0, 5242 MiB, 99 %, 529.32 W
2026/09/27 00:56:24.797, 0, 5242 MiB, 99 %, 536.29 W
2026/09/27 00:56:26.797, 0, 5242 MiB, 99 %, 537.40 W
2026/09/27 00:56:28.798, 0, 5242 MiB, 99 %, 529.42 W
2026/09/27 00:56:30.798, 0, 5242 MiB, 99 %, 539.27 W
2026/09/27 00:56:32.798, 0, 5242 MiB, 99 %, 539.25 W
2026/09/27 00:56:34.799, 0, 5242 MiB, 99 %, 528.58 W
2026/09/27 00:56:36.799, 0, 5242 MiB, 99 %, 541.92 W
2026/09/27 00:56:38.799, 0, 5242 MiB, 99 %, 540.51 W
2026/09/27 00:56:40.800, 0, 5242 MiB, 99 %, 533.80 W
2026/09/27 00:56:42.800, 0, 5242 MiB, 99 %, 540.17 W
2026/09/27 00:56:44.801, 0, 5242 MiB, 99 %, 531.44 W
2026/09/27 00:56:46.801, 0, 5242 MiB, 98 %, 543.91 W
2026/09/27 00:56:48.801, 0, 5242 MiB, 93 %, 535.90 W
2026/09/27 00:56:50.802, 0, 5242 MiB, 88 %, 535.02 W
2026/09/27 00:56:52.802, 0, 5242 MiB, 64 %, 544.93 W
2026/09/27 00:56:54.802, 0, 5242 MiB, 53 %, 549.03 W
2026/09/27 00:56:56.803, 0, 5242 MiB, 52 %, 552.93 W
2026/09/27 00:56:58.803, 0, 5242 MiB, 50 %, 542.16 W
2026/09/27 00:57:00.803, 0, 5242 MiB, 55 %, 545.47 W
2026/09/27 00:57:02.804, 0, 5242 MiB, 50 %, 544.65 W
2026/09/27 00:57:04.804, 0, 5244 MiB, 41 %, 330.23 W
2026/09/27 00:57:06.804, 0, 5244 MiB, 0 %, 119.46 W
2026/09/27 00:57:08.805, 0, 5250 MiB, 0 %, 113.07 W
2026/09/27 00:57:10.805, 0, 5250 MiB, 1 %, 114.42 W
2026/09/27 00:57:12.806, 0, 5250 MiB, 0 %, 110.07 W
2026/09/27 00:57:14.806, 0, 5252 MiB, 96 %, 331.98 W
2026/09/27 00:57:16.806, 0, 5252 MiB, 0 %, 114.85 W
2026/09/27 00:57:18.807, 0, 5252 MiB, 0 %, 107.09 W
2026/09/27 00:57:20.807, 0, 5252 MiB, 0 %, 105.99 W
2026/09/27 00:57:22.807, 0, 5252 MiB, 0 %, 104.76 W
2026/09/27 00:57:24.808, 0, 5252 MiB, 0 %, 245.87 W
2026/09/27 00:57:26.808, 0, 5252 MiB, 99 %, 529.66 W
2026/09/27 00:57:28.809, 0, 5252 MiB, 99 %, 531.38 W
2026/09/27 00:57:30.809, 0, 5252 MiB, 99 %, 530.87 W
2026/09/27 00:57:32.809, 0, 5252 MiB, 99 %, 532.06 W
2026/09/27 00:57:34.810, 0, 5252 MiB, 99 %, 527.48 W
2026/09/27 00:57:36.810, 0, 5252 MiB, 99 %, 527.89 W
2026/09/27 00:57:38.811, 0, 5252 MiB, 99 %, 530.24 W
2026/09/27 00:57:40.811, 0, 5252 MiB, 99 %, 528.42 W
2026/09/27 00:57:42.811, 0, 5252 MiB, 99 %, 529.18 W
2026/09/27 00:57:44.812, 0, 5252 MiB, 99 %, 519.90 W
2026/09/27 00:57:46.812, 0, 5252 MiB, 99 %, 530.45 W
2026/09/27 00:57:48.813, 0, 5252 MiB, 80 %, 517.07 W
2026/09/27 00:57:50.813, 0, 5252 MiB, 67 %, 514.33 W
2026/09/27 00:57:52.814, 0, 5252 MiB, 100 %, 506.93 W
2026/09/27 00:57:54.814, 0, 5252 MiB, 99 %, 519.52 W
2026/09/27 00:57:56.814, 0, 5252 MiB, 92 %, 513.01 W
2026/09/27 00:57:58.815, 0, 5252 MiB, 66 %, 532.43 W
2026/09/27 00:58:00.815, 0, 5252 MiB, 64 %, 536.27 W
2026/09/27 00:58:02.816, 0, 5252 MiB, 69 %, 542.34 W
2026/09/27 00:58:04.816, 0, 5252 MiB, 66 %, 520.83 W
2026/09/27 00:58:06.816, 0, 5252 MiB, 100 %, 516.96 W
2026/09/27 00:58:08.817, 0, 5252 MiB, 72 %, 515.94 W
2026/09/27 00:58:10.817, 0, 5252 MiB, 100 %, 518.19 W
2026/09/27 00:58:12.818, 0, 5252 MiB, 99 %, 518.48 W
2026/09/27 00:58:14.818, 0, 5252 MiB, 50 %, 503.23 W
2026/09/27 00:58:16.819, 0, 5252 MiB, 99 %, 520.54 W
2026/09/27 00:58:18.819, 0, 5252 MiB, 59 %, 507.90 W
2026/09/27 00:58:20.820, 0, 5252 MiB, 100 %, 509.73 W
2026/09/27 00:58:22.820, 0, 5252 MiB, 99 %, 515.11 W
2026/09/27 00:58:24.821, 0, 5252 MiB, 58 %, 513.31 W
2026/09/27 00:58:26.821, 0, 5252 MiB, 99 %, 503.03 W
2026/09/27 00:58:28.822, 0, 5252 MiB, 54 %, 504.33 W
2026/09/27 00:58:30.822, 0, 5252 MiB, 100 %, 511.24 W
2026/09/27 00:58:32.822, 0, 5252 MiB, 99 %, 518.30 W
2026/09/27 00:58:34.823, 0, 5252 MiB, 27 %, 534.09 W
2026/09/27 00:58:36.824, 0, 5252 MiB, 100 %, 521.20 W
2026/09/27 00:58:38.824, 0, 5252 MiB, 99 %, 512.25 W
2026/09/27 00:58:40.824, 0, 5252 MiB, 75 %, 497.14 W
2026/09/27 00:58:42.825, 0, 5252 MiB, 100 %, 504.38 W
2026/09/27 00:58:44.825, 0, 5252 MiB, 99 %, 537.07 W
2026/09/27 00:58:46.826, 0, 5252 MiB, 33 %, 536.09 W
2026/09/27 00:58:48.826, 0, 5252 MiB, 0 %, 128.42 W
2026/09/27 00:58:50.826, 0, 5252 MiB, 0 %, 110.98 W
2026/09/27 00:58:52.827, 0, 5252 MiB, 0 %, 109.26 W
2026/09/27 00:58:54.827, 0, 5252 MiB, 0 %, 109.94 W
2026/09/27 00:58:56.828, 0, 5252 MiB, 0 %, 107.70 W
2026/09/27 00:58:58.828, 0, 5246 MiB, 94 %, 385.64 W
