split,family,target,scaffold,case,seed,arm,proxy_pass,rmsd,esmfold_rmsd,esmfold_plddt,boltz2_iptm,epitope_coverage,interchain_clashes
development,EGFR,egfr,ankyrin,egfr_ankyrin,20261001,baseline,0.0,8.045,7.175,82.80000000000001,0.3130179494619369,0.06818181818181815,2.0
development,EGFR,egfr,ankyrin,egfr_ankyrin,20261001,mpnn_temp_02,0.0,4.005,2.535,83.45,0.4794283807277679,0.0454545454545454,0.0
development,EGFR,egfr,ankyrin,egfr_ankyrin,20261002,baseline,0.0,3.475,1.035,74.55,0.4455550089478493,0.04545454545454545,0.0
development,EGFR,egfr,ankyrin,egfr_ankyrin,20261002,mpnn_temp_02,0.0,4.029999999999999,1.635,72.65,0.3467248603701591,0.0227272727272727,5.5
development,EGFR,egfr,barrel,egfr_barrel,20261001,baseline,0.0,5.1850000000000005,4.82,82.44999999999999,0.310275062918663,0.0,5.5
development,EGFR,egfr,barrel,egfr_barrel,20261001,mpnn_temp_02,0.0,5.135,4.49,79.8,0.28425219655036926,0.0,3.0
development,EGFR,egfr,barrel,egfr_barrel,20261002,baseline,1.0,1.615,0.615,88.6,0.7685094177722931,0.0227272727272727,4.5
development,EGFR,egfr,barrel,egfr_barrel,20261002,mpnn_temp_02,0.5,1.685,0.6000000000000001,88.25,0.653367891907692,0.0227272727272727,4.5
development,EGFR,egfr,top7,egfr_top7,20261001,baseline,0.0,1.665,0.48,86.65,0.45761431753635406,0.1363636363636363,0.0
development,EGFR,egfr,top7,egfr_top7,20261001,mpnn_temp_02,0.0,1.655,0.37,86.05,0.5574611723423004,0.11363636363636359,0.5
development,EGFR,egfr,top7,egfr_top7,20261002,baseline,0.0,2.26,2.215,64.95,0.3358064144849777,0.0,0.0
development,EGFR,egfr,top7,egfr_top7,20261002,mpnn_temp_02,0.0,1.745,1.665,69.35,0.35927122831344604,0.0227272727272727,0.0
development,immune_checkpoint,pd1,ankyrin,pd1_ankyrin,20261001,baseline,0.0,7.335,6.175000000000001,78.2,0.5371818244457245,0.08823529411764705,2.0
development,immune_checkpoint,pd1,ankyrin,pd1_ankyrin,20261001,mpnn_temp_02,0.0,7.1,6.47,80.2,0.4633360058069229,0.0588235294117647,2.5
development,immune_checkpoint,pd1,ankyrin,pd1_ankyrin,20261002,baseline,0.0,10.165,9.780000000000001,65.5,0.44795049726963043,0.0,0.0
development,immune_checkpoint,pd1,ankyrin,pd1_ankyrin,20261002,mpnn_temp_02,0.0,11.57,15.49,55.8,0.1839204393327236,0.0588235294117647,3.0
development,immune_checkpoint,pd1,barrel,pd1_barrel,20261001,baseline,0.5,1.5550000000000002,1.145,83.0,0.6157957315444946,0.20588235294117646,2.0
development,immune_checkpoint,pd1,barrel,pd1_barrel,20261001,mpnn_temp_02,1.0,1.625,0.795,83.44999999999999,0.7130121141672134,0.1764705882352941,1.0
development,immune_checkpoint,pd1,barrel,pd1_barrel,20261002,baseline,0.5,2.485,0.725,88.5,0.5216578394174576,0.08823529411764705,11.5
development,immune_checkpoint,pd1,barrel,pd1_barrel,20261002,mpnn_temp_02,0.5,2.285,0.615,88.55,0.5354767963290215,0.1176470588235294,6.5
development,immune_checkpoint,pd1,top7,pd1_top7,20261001,baseline,0.0,1.12,0.44499999999999995,89.80000000000001,0.3966675326228142,0.1176470588235294,6.0
development,immune_checkpoint,pd1,top7,pd1_top7,20261001,mpnn_temp_02,0.0,1.1549999999999998,0.63,87.9,0.4680228941142559,0.1176470588235294,3.5
development,immune_checkpoint,pd1,top7,pd1_top7,20261002,baseline,0.0,3.315,3.34,74.35,0.36440032720565796,0.0588235294117647,1.5
development,immune_checkpoint,pd1,top7,pd1_top7,20261002,mpnn_temp_02,0.0,3.245,3.66,71.5,0.27487820014357567,0.0588235294117647,0.0
development,immune_checkpoint,pdl1,ankyrin,pdl1_ankyrin,20261001,baseline,0.0,3.94,2.045,85.6,0.1777732092887163,0.0,0.0
development,immune_checkpoint,pdl1,ankyrin,pdl1_ankyrin,20261001,mpnn_temp_02,0.0,5.525,4.215,82.6,0.33047385141253466,0.0,0.0
development,immune_checkpoint,pdl1,ankyrin,pdl1_ankyrin,20261002,baseline,0.0,3.67,1.185,79.19999999999999,0.18815303780138484,0.0,0.0
development,immune_checkpoint,pdl1,ankyrin,pdl1_ankyrin,20261002,mpnn_temp_02,0.0,5.045,2.9250000000000003,78.7,0.18636881932616228,0.0,0.0
development,immune_checkpoint,pdl1,barrel,pdl1_barrel,20261001,baseline,1.0,1.835,0.94,81.15,0.739393413066864,0.16666666666666666,1.5
development,immune_checkpoint,pdl1,barrel,pdl1_barrel,20261001,mpnn_temp_02,0.5,1.7999999999999998,0.86,79.5,0.5737571194767952,0.16666666666666666,4.0
development,immune_checkpoint,pdl1,barrel,pdl1_barrel,20261002,baseline,1.0,1.875,1.0050000000000001,85.15,0.8679832220077515,0.1111111111111111,1.5
development,immune_checkpoint,pdl1,barrel,pdl1_barrel,20261002,mpnn_temp_02,1.0,1.645,0.625,86.25,0.8815148621797562,0.1111111111111111,1.0
development,immune_checkpoint,pdl1,top7,pdl1_top7,20261001,baseline,0.0,1.845,1.23,88.1,0.4833875223994255,0.0,0.5
development,immune_checkpoint,pdl1,top7,pdl1_top7,20261001,mpnn_temp_02,0.0,1.585,1.06,88.1,0.4970104619860649,0.11111111111111105,0.5
development,immune_checkpoint,pdl1,top7,pdl1_top7,20261002,baseline,0.0,1.26,0.515,86.9,0.5198113173246384,0.0833333333333333,0.0
development,immune_checkpoint,pdl1,top7,pdl1_top7,20261002,mpnn_temp_02,0.0,1.27,0.51,87.69999999999999,0.5060191228985786,0.0833333333333333,0.0
holdout,IFNAR,ifnar,ankyrin,ifnar_ankyrin,20261001,baseline,0.0,11.975,12.120000000000001,52.25,0.14465555176138875,0.0,3.5
holdout,IFNAR,ifnar,ankyrin,ifnar_ankyrin,20261001,mpnn_temp_02,0.0,10.39,9.969999999999999,52.1,0.12589944154024119,0.0,0.0
holdout,IFNAR,ifnar,ankyrin,ifnar_ankyrin,20261002,baseline,0.0,4.085,1.595,79.9,0.28460703790187836,0.0,0.0
holdout,IFNAR,ifnar,ankyrin,ifnar_ankyrin,20261002,mpnn_temp_02,0.0,3.825,1.8050000000000002,80.6,0.20087862014770505,0.0,0.0
holdout,IFNAR,ifnar,barrel,ifnar_barrel,20261001,baseline,0.5,1.37,0.66,90.0,0.5341835021972656,0.45833333333333337,0.5
holdout,IFNAR,ifnar,barrel,ifnar_barrel,20261001,mpnn_temp_02,0.5,1.4100000000000001,0.595,89.2,0.502678282558918,0.4166666666666667,1.0
holdout,IFNAR,ifnar,barrel,ifnar_barrel,20261002,baseline,1.0,1.38,0.45499999999999996,87.75,0.7099586427211761,0.3333333333333333,1.5
holdout,IFNAR,ifnar,barrel,ifnar_barrel,20261002,mpnn_temp_02,1.0,1.49,0.8200000000000001,88.5,0.7770994454622269,0.0833333333333333,2.5
holdout,IFNAR,ifnar,top7,ifnar_top7,20261001,baseline,0.0,1.355,0.54,85.80000000000001,0.28959331288933754,0.6666666666666666,2.0
holdout,IFNAR,ifnar,top7,ifnar_top7,20261001,mpnn_temp_02,0.0,1.2850000000000001,0.37,87.9,0.3504902683198452,0.375,1.5
holdout,IFNAR,ifnar,top7,ifnar_top7,20261002,baseline,0.0,1.7,0.43500000000000005,87.7,0.3575258180499077,0.0,3.0
holdout,IFNAR,ifnar,top7,ifnar_top7,20261002,mpnn_temp_02,0.0,1.6749999999999998,0.455,87.7,0.3520040921866894,0.4166666666666667,1.5
